{
  "metrics": {
    "accuracy": 0.7381121362668559,
    "precision": 0.504302925989673,
    "recall": 0.7834224598930482,
    "f1": 0.6136125654450262,
    "roc_auc": 0.8412978893797307
  },
  "confusion_matrix": [
    [
      747,
      288
    ],
    [
      81,
      293
    ]
  ]
}