{
  "val": {
    "mean_pred": [
      0.0406692296244114,
      0.14816161987711113,
      0.2510299739796469,
      0.35649629198277893,
      0.44601399302966704,
      0.5506156198159157,
      0.6479876744469902,
      0.7537309144346023,
      0.8469045621431027,
      0.911034277959293
    ],
    "frac_pos": [
      0.02346041055718475,
      0.09285714285714286,
      0.10344827586206896,
      0.1864406779661017,
      0.1951219512195122,
      0.3076923076923077,
      0.36363636363636365,
      0.5,
      0.7142857142857143,
      0.85
    ]
  },
  "test": {
    "mean_pred": [
      0.03921903592301206,
      0.14751060821012582,
      0.24748020313733518,
      0.3576932060427458,
      0.4517736142188886,
      0.5465407484813358,
      0.6530210866927904,
      0.7476432472658135,
      0.8450276149827626,
      0.9132846806474965
    ],
    "frac_pos": [
      0.011799410029498525,
      0.06962025316455696,
      0.09174311926605505,
      0.22123893805309736,
      0.27927927927927926,
      0.29213483146067415,
      0.33620689655172414,
      0.48717948717948717,
      0.6958762886597938,
      0.7083333333333334
    ]
  }
}