{
  "threshold": 0.5750000000000001,
  "precision": 0.5386138613861386,
  "recall": 0.7272727272727273,
  "f1": 0.6188850967007964,
  "roc_auc": 0.8425844118938748,
  "confusion_matrix": [
    [
      802,
      233
    ],
    [
      102,
      272
    ]
  ]
}