{
  "accuracy": 0.7877927608232789,
  "precision": 0.6254180602006689,
  "recall": 0.5,
  "f1": 0.5557206537890045,
  "roc_auc": 0.835419411506368,
  "confusion_matrix": [
    [
      923,
      112
    ],
    [
      187,
      187
    ]
  ]
}